DELETE FROM author_book;
DELETE FROM book;
DELETE FROM publisher;
DELETE FROM author;

--publishers
INSERT INTO publisher VALUES (1,'Bloomsbarry publishing','publishing@bloomsbarry.com','0163296004','382 southside, DA, England','002575967');
INSERT INTO publisher VALUES (2,'HarperCollins publish','publish@HarperCollins.com','0163296006','225 pivotdrive, AL, Narnia','021000021');
INSERT INTO publisher VALUES (3,'scholastic publishing','scholastic@pizzeria.com','4894571867','857 pizzeiadrive, FP, USA','091000019');
INSERT INTO publisher VALUES (4,'Ryanconsell','RCP@gmail.com','4567156231','21 fakehogwarts, SW, Sain','70076513');
INSERT INTO publisher VALUES (5,'DAW Books','dragon@DAW.com','0770090019','72 Etheral Avenue, DP, Xadia','97512556');
INSERT INTO publisher VALUES (6,'Grosset and Dublap','G&D@yahoo.com','0770090084','24 Mirrored Route, SL, USA','57712943');
INSERT INTO publisher VALUES (7,'TCG','TCG@gmail.com','0131496076','32 Bleak Alley, SU, USA','21026682');
INSERT INTO publisher VALUES (8,'NewYorkPlume','NYP@linkdin.com','0113496046','59 Sunray Passage, UT, Aclyae','77595847');
INSERT INTO publisher VALUES (9,'Crow Publishing group','publishgroup@Crow.com','0113496042','132 Yellow Walk, AD, Whoji','546269');
INSERT INTO publisher VALUES (10,'Penguin Books','penguinbooks@publishing.com','0118496078','31 Basilisk Track, WF, Cluoles','58173663');
INSERT INTO publisher VALUES (11,'DC Comics','Publisher@dccomics.com','0134960674','485 Riverside Way, SR, Tublya','89736925');
INSERT INTO publisher VALUES (12,'IDW Publishing','IDW@publishing.com','0207946784','48 Burned Avenue, CP, Eplana','99214827');
INSERT INTO publisher VALUES (13,'Dark Horse Comics','Comics@darkhorse.com','018496050','66 Hebheim Trail, FL, Gepleule','72947828');

--Author
INSERT INTO author VALUES (1,'J.K','Rowling');
INSERT INTO author VALUES (2,'C.S','Lewis');
INSERT INTO author VALUES (3,'Scott','Cawthon');
INSERT INTO author VALUES (4,'J.R','Tolken');
INSERT INTO author VALUES (5,'R.A','Consell');
INSERT INTO author VALUES (6,'Melanie','Rawn');
INSERT INTO author VALUES (7,'Frank','AbugnaleJR');
INSERT INTO author VALUES (8,'Steven','Levenson');
INSERT INTO author VALUES (9,'Willson','August');
INSERT INTO author VALUES (10,'Enest','Cline');
INSERT INTO author VALUES (11,'John','Green');
INSERT INTO author VALUES (12,'Frank','Miller');
INSERT INTO author VALUES (13,'Kim','Jacinto');
INSERT INTO author VALUES (14,'Evan','Narcisse');
INSERT INTO author VALUES (15,'Kevin','Eastman');
INSERT INTO author VALUES (16,'Neil','Gaimen');
INSERT INTO author VALUES (17,'Kyle','Higgens');
INSERT INTO author VALUES (18,'Kiel','Phegley');
INSERT INTO author VALUES (19,'Noelles','Tevenson');
INSERT INTO author VALUES (20,'Lauren','Affe');

--book
INSERT INTO book VALUES ('0119200635','HP: Sorcere stone',250,18,'Fantasy',807,1,4);
INSERT INTO book VALUES ('0128383854','HP: Chamber of Secrets',296,21,'Fantasy',927,1,2);
INSERT INTO book VALUES ('0130022527','HP: Prisoner of Azkaban',330,55,'Fantasy',386,1,5);
INSERT INTO book VALUES ('0143185236','HP: Goblet of Fire',567,16,'Fantasy',106,1,2);
INSERT INTO book VALUES ('0156987398','HP: Order of the Phoenix',740,2,'Fantasy',284,1,4);
INSERT INTO book VALUES ('0161788467','HP: Half-Blood Prince',410,31,'Fantasy',426,1,2);
INSERT INTO book VALUES ('0177643559','HP: Deathly Hallows',496,68,'Fantasy',313,1,4);
INSERT INTO book VALUES ('0211551954','CON: The Magicians Nephew',59,83,'Action',963,2,2);
INSERT INTO book VALUES ('0222516856','CON: Lion, Witch, and Wardrobe',62,74,'Action',590,2,1);
INSERT INTO book VALUES ('0233511718','CON: Horse and His Boy',176,40,'Action',397,2,1);
INSERT INTO book VALUES ('0245780829','CON: Prince Caspian',186,17,'Action',733,2,5);
INSERT INTO book VALUES ('0253026832','CON: Voyage of Dawn Treader',195,73,'Action',1000,2,9);
INSERT INTO book VALUES ('0266395432','CON: Silver Chair',191,42,'Action',314,2,6);
INSERT INTO book VALUES ('0277579355','CON: Last Battle',65,89,'Action',43,2,10);
INSERT INTO book VALUES ('0307642477','FNAF: Fetch',172,85,'Thriller',377,3,5);
INSERT INTO book VALUES ('0317906181','FNAF: Into the Pit',122,30,'Thriller',804,3,7);
INSERT INTO book VALUES ('0327324598','FNAF: The Silver Eyes',195,65,'Thriller',962,3,7);
INSERT INTO book VALUES ('0347763027','FNAF: Fourth Closet',194,2,'Thriller',718,3,3);
INSERT INTO book VALUES ('0417410154','LOTR: Fellowship of ring',508,12,'Adventure',356,2,1);
INSERT INTO book VALUES ('0428551448','LOTR: Return of the King',540,30,'Adventure',163,2,9);
INSERT INTO book VALUES ('0430347485','LOTR: The Two Towers',360,12,'Adventure',648,2,7);
INSERT INTO book VALUES ('0517584385','Stealing from Wizards V1',278,47,'Magic',194,4,1);
INSERT INTO book VALUES ('0522819475','Stealing from Wizards V2',302,98,'Magic',497,4,8);
INSERT INTO book VALUES ('0618881912','TDP: Moon',210,95,'Comedy',131,5,8);
INSERT INTO book VALUES ('0621685939','TDP: Sky',279,97,'Comedy',440,5,3);
INSERT INTO book VALUES ('0633555127','TDP: Through the Moon',131,95,'Comedy',58,5,9);
INSERT INTO book VALUES ('0761998758','Catch Me If You Can',231,10,'Crime',231,6,3);
INSERT INTO book VALUES ('0875825752','Dear Evan Hansen',265,84,'Musical',83,7,7);
INSERT INTO book VALUES ('0975825753','Fences',130,11,'Play',607,8,9);
INSERT INTO book VALUES ('1023340018','Ready Player One',469,93,'Games',982,9,7);
INSERT INTO book VALUES ('1138776452','Fault In Our Stars',201,30,'Drama',297,10,5);
INSERT INTO book VALUES ('1212923962','Batman: Dark Knight Returns',200,77,'Detective',804,11,4);
INSERT INTO book VALUES ('1224151952','Batman: year one',91,34,'Detective',393,11,9);
INSERT INTO book VALUES ('1239209584','Batman: Long Halloween',439,38,'Detective',535,11,10);
INSERT INTO book VALUES ('1311682091','Earth-Prime: Batwoman',40,23,'Heros',339,11,5);
INSERT INTO book VALUES ('1322536593','Earth-Prime: S&L',40,30,'Heros',707,11,6);
INSERT INTO book VALUES ('1330926720','Earth-Prime: DC Legends',39,53,'Heros',314,11,10);
INSERT INTO book VALUES ('1347857812','Earth-Prime: Stargirls',35,73,'Heros',148,11,2);
INSERT INTO book VALUES ('1355471253','Earth-Prime: Flash',40,63,'Heros',991,11,9);
INSERT INTO book VALUES ('1369105538','Earth-Prime: Crossover',40,99,'Heros',647,11,9);
INSERT INTO book VALUES ('1418700861','Gotham Knights: issue 1',27,76,'game-story',340,11,8);
INSERT INTO book VALUES ('1423690415','Gotham Knights: issue 2',27,64,'game-story',553,11,10);
INSERT INTO book VALUES ('1515071963','TLR: Issue 1',46,47,'Turtles',918,12,1);
INSERT INTO book VALUES ('1529896161','TLR: Issue 2',46,25,'Turtles',182,12,1);
INSERT INTO book VALUES ('1531938065','TLR: Issue 3',45,79,'Turtles',755,12,3);
INSERT INTO book VALUES ('1549829430','TLR: Issue 4',48,64,'Turtles',102,12,4);
INSERT INTO book VALUES ('1559588198','TLR: Issue 5',47,46,'Turtles',195,12,4);
INSERT INTO book VALUES ('1610521733','The Sandman V1',505,6,'Dreams',884,11,7);
INSERT INTO book VALUES ('1629682119','The Sandman V2',488,29,'Dreams',509,11,5);
INSERT INTO book VALUES ('1633477884','The Sandman V3',523,46,'Dreams',631,11,6);
INSERT INTO book VALUES ('1641146017','The Sandman v4',499,55,'Dreams',74,11,4);
INSERT INTO book VALUES ('1657478864','The Sandman V5',612,97,'Dreams',929,11,6);
INSERT INTO book VALUES ('1789681524','New World Order',128,77,'Detective',694,11,4);
INSERT INTO book VALUES ('1816627614','Sonic 2',44,86,'Detective',301,12,9);
INSERT INTO book VALUES ('1965388203','Nimona',256,36,'Medieval',710,2,1);
INSERT INTO book VALUES ('2015847925','Stranger Things: V1',385,23,'Horror',554,13,5);
INSERT INTO book VALUES ('2027770639','Stranger Things: V2',210,52,'Horror',523,13,6);

--book author
INSERT INTO author_book VALUES (1,'0119200635');
INSERT INTO author_book VALUES (1,'0128383854');
INSERT INTO author_book VALUES (1,'0130022527');
INSERT INTO author_book VALUES (1,'0143185236');
INSERT INTO author_book VALUES (1,'0156987398');
INSERT INTO author_book VALUES (1,'0161788467');
INSERT INTO author_book VALUES (1,'0177643559');
INSERT INTO author_book VALUES (2,'0211551954');
INSERT INTO author_book VALUES (2,'0222516856');
INSERT INTO author_book VALUES (2,'0233511718');
INSERT INTO author_book VALUES (2,'0245780829');
INSERT INTO author_book VALUES (2,'0253026832');
INSERT INTO author_book VALUES (2,'0266395432');
INSERT INTO author_book VALUES (2,'0277579355');
INSERT INTO author_book VALUES (3,'0307642477');
INSERT INTO author_book VALUES (3,'0317906181');
INSERT INTO author_book VALUES (3,'0327324598');
INSERT INTO author_book VALUES (3,'0347763027');
INSERT INTO author_book VALUES (4,'0417410154');
INSERT INTO author_book VALUES (4,'0428551448');
INSERT INTO author_book VALUES (4,'0430347485');
INSERT INTO author_book VALUES (5,'0517584385');
INSERT INTO author_book VALUES (5,'0522819475');
INSERT INTO author_book VALUES (6,'0618881912');
INSERT INTO author_book VALUES (6,'0621685939');
INSERT INTO author_book VALUES (6,'0633555127');
INSERT INTO author_book VALUES (7,'0761998758');
INSERT INTO author_book VALUES (8,'0875825752');
INSERT INTO author_book VALUES (9,'0975825753');
INSERT INTO author_book VALUES (10,'1023340018');
INSERT INTO author_book VALUES (11,'1138776452');
INSERT INTO author_book VALUES (12,'1212923962');
INSERT INTO author_book VALUES (12,'1224151952');
INSERT INTO author_book VALUES (12,'1239209584');
INSERT INTO author_book VALUES (13,'1311682091');
INSERT INTO author_book VALUES (13,'1322536593');
INSERT INTO author_book VALUES (13,'1330926720');
INSERT INTO author_book VALUES (13,'1355471253');
INSERT INTO author_book VALUES (13,'1369105538');
INSERT INTO author_book VALUES (14,'1418700861');
INSERT INTO author_book VALUES (14,'1423690415');
INSERT INTO author_book VALUES (15,'1515071963');
INSERT INTO author_book VALUES (15,'1529896161');
INSERT INTO author_book VALUES (15,'1531938065');
INSERT INTO author_book VALUES (15,'1549829430');
INSERT INTO author_book VALUES (15,'1559588198');
INSERT INTO author_book VALUES (16,'1610521733');
INSERT INTO author_book VALUES (16,'1629682119');
INSERT INTO author_book VALUES (16,'1633477884');
INSERT INTO author_book VALUES (16,'1641146017');
INSERT INTO author_book VALUES (16,'1657478864');
INSERT INTO author_book VALUES (17,'1789681524');
INSERT INTO author_book VALUES (18,'1816627614');
INSERT INTO author_book VALUES (19,'1965388203');
INSERT INTO author_book VALUES (20,'2015847925');
INSERT INTO author_book VALUES (20,'2027770639');

--user
INSERT INTO users VALUES (1,'Ali','Nasr','alinasr@gmail.com','0109388345','M','Ali Nasr','123456','20 Elgalaa Street, Toronto, Canada','95947328');
